[
  {
    "description": "    Como cliente do site...\n    Quero pesquisar por um ou mais produtos",
    "keyword": "Funcionalidade",
    "name": "Produto",
    "line": 4,
    "id": "produto",
    "tags": [
      {
        "name": "@funcionalidade_produto",
        "line": 3
      }
    ],
    "uri": "produto.feature",
    "elements": [
      {
        "id": "produto;campo-de-busca",
        "keyword": "Scenario",
        "line": 12,
        "name": "Campo de Busca",
        "tags": [
          {
            "name": "@funcionalidade_produto",
            "line": 3
          },
          {
            "name": "@produto_busca",
            "line": 11
          }
        ],
        "type": "scenario",
        "steps": [
          {
            "arguments": [],
            "keyword": "Dado ",
            "line": 9,
            "name": "que esteja na página home da loja manetzeetech",
            "result": {
              "status": "passed",
              "duration": 1228000000
            }
          },
          {
            "arguments": [],
            "keyword": "Quando ",
            "line": 13,
            "name": "procurar por um produto usando o campo de busca",
            "result": {
              "status": "passed",
              "duration": 18000000
            }
          },
          {
            "arguments": [],
            "keyword": "Então ",
            "line": 14,
            "name": "deverá apresentar o resultado da pesquisa",
            "result": {
              "status": "passed",
              "duration": 22000000
            }
          }
        ]
      },
      {
        "id": "produto;listar-produtos-por-categoria",
        "keyword": "Scenario",
        "line": 22,
        "name": "Listar Produtos por Categoria",
        "tags": [
          {
            "name": "@funcionalidade_produto",
            "line": 3
          },
          {
            "name": "@produto_categoria",
            "line": 16
          }
        ],
        "type": "scenario",
        "steps": [
          {
            "arguments": [],
            "keyword": "Dado ",
            "line": 9,
            "name": "que esteja na página home da loja manetzeetech",
            "result": {
              "status": "passed",
              "duration": 2802000000
            }
          },
          {
            "arguments": [],
            "keyword": "Quando ",
            "line": 18,
            "name": "selecionar a categoria \"TELEFONIA\"",
            "result": {
              "status": "passed",
              "duration": 20000000
            }
          },
          {
            "arguments": [],
            "keyword": "Então ",
            "line": 19,
            "name": "deverá apresentar a lista de produtos da categoria selecionada",
            "result": {
              "status": "passed",
              "duration": 20000000
            }
          }
        ]
      },
      {
        "id": "produto;listar-produtos-por-categoria",
        "keyword": "Scenario",
        "line": 23,
        "name": "Listar Produtos por Categoria",
        "tags": [
          {
            "name": "@funcionalidade_produto",
            "line": 3
          },
          {
            "name": "@produto_categoria",
            "line": 16
          }
        ],
        "type": "scenario",
        "steps": [
          {
            "arguments": [],
            "keyword": "Dado ",
            "line": 9,
            "name": "que esteja na página home da loja manetzeetech",
            "result": {
              "status": "passed",
              "duration": 1216000000
            }
          },
          {
            "arguments": [],
            "keyword": "Quando ",
            "line": 18,
            "name": "selecionar a categoria \"INFORMÁTICA\"",
            "result": {
              "status": "passed",
              "duration": 20000000
            }
          },
          {
            "arguments": [],
            "keyword": "Então ",
            "line": 19,
            "name": "deverá apresentar a lista de produtos da categoria selecionada",
            "result": {
              "status": "passed",
              "duration": 33000000
            }
          }
        ]
      },
      {
        "id": "produto;listar-produtos-por-categoria",
        "keyword": "Scenario",
        "line": 24,
        "name": "Listar Produtos por Categoria",
        "tags": [
          {
            "name": "@funcionalidade_produto",
            "line": 3
          },
          {
            "name": "@produto_categoria",
            "line": 16
          }
        ],
        "type": "scenario",
        "steps": [
          {
            "arguments": [],
            "keyword": "Dado ",
            "line": 9,
            "name": "que esteja na página home da loja manetzeetech",
            "result": {
              "status": "passed",
              "duration": 3591000000
            }
          },
          {
            "arguments": [],
            "keyword": "Quando ",
            "line": 18,
            "name": "selecionar a categoria \"ELETRÕNICOS\"",
            "result": {
              "status": "passed",
              "duration": 12000000
            }
          },
          {
            "arguments": [],
            "keyword": "Então ",
            "line": 19,
            "name": "deverá apresentar a lista de produtos da categoria selecionada",
            "result": {
              "status": "passed",
              "duration": 12000000
            }
          }
        ]
      },
      {
        "id": "produto;listar-produtos-por-categoria",
        "keyword": "Scenario",
        "line": 25,
        "name": "Listar Produtos por Categoria",
        "tags": [
          {
            "name": "@funcionalidade_produto",
            "line": 3
          },
          {
            "name": "@produto_categoria",
            "line": 16
          }
        ],
        "type": "scenario",
        "steps": [
          {
            "arguments": [],
            "keyword": "Dado ",
            "line": 9,
            "name": "que esteja na página home da loja manetzeetech",
            "result": {
              "status": "passed",
              "duration": 1333000000
            }
          },
          {
            "arguments": [],
            "keyword": "Quando ",
            "line": 18,
            "name": "selecionar a categoria \"TV & ÁUDIO\"",
            "result": {
              "status": "passed",
              "duration": 13000000
            }
          },
          {
            "arguments": [],
            "keyword": "Então ",
            "line": 19,
            "name": "deverá apresentar a lista de produtos da categoria selecionada",
            "result": {
              "status": "passed",
              "duration": 17000000
            }
          }
        ]
      },
      {
        "id": "produto;listar-produtos-por-categoria",
        "keyword": "Scenario",
        "line": 26,
        "name": "Listar Produtos por Categoria",
        "tags": [
          {
            "name": "@funcionalidade_produto",
            "line": 3
          },
          {
            "name": "@produto_categoria",
            "line": 16
          }
        ],
        "type": "scenario",
        "steps": [
          {
            "arguments": [],
            "keyword": "Dado ",
            "line": 9,
            "name": "que esteja na página home da loja manetzeetech",
            "result": {
              "status": "passed",
              "duration": 1221000000
            }
          },
          {
            "arguments": [],
            "keyword": "Quando ",
            "line": 18,
            "name": "selecionar a categoria \"GAMER\"",
            "result": {
              "status": "passed",
              "duration": 24000000
            }
          },
          {
            "arguments": [],
            "keyword": "Então ",
            "line": 19,
            "name": "deverá apresentar a lista de produtos da categoria selecionada",
            "result": {
              "status": "passed",
              "duration": 18000000
            }
          }
        ]
      },
      {
        "id": "produto;listar-produtos-por-categoria",
        "keyword": "Scenario",
        "line": 27,
        "name": "Listar Produtos por Categoria",
        "tags": [
          {
            "name": "@funcionalidade_produto",
            "line": 3
          },
          {
            "name": "@produto_categoria",
            "line": 16
          }
        ],
        "type": "scenario",
        "steps": [
          {
            "arguments": [],
            "keyword": "Dado ",
            "line": 9,
            "name": "que esteja na página home da loja manetzeetech",
            "result": {
              "status": "passed",
              "duration": 1482000000
            }
          },
          {
            "arguments": [],
            "keyword": "Quando ",
            "line": 18,
            "name": "selecionar a categoria \"COMPUTADORES\"",
            "result": {
              "status": "passed",
              "duration": 15000000
            }
          },
          {
            "arguments": [],
            "keyword": "Então ",
            "line": 19,
            "name": "deverá apresentar a lista de produtos da categoria selecionada",
            "result": {
              "status": "passed",
              "duration": 16000000
            }
          }
        ]
      },
      {
        "id": "produto;listar-produtos-por-categoria",
        "keyword": "Scenario",
        "line": 28,
        "name": "Listar Produtos por Categoria",
        "tags": [
          {
            "name": "@funcionalidade_produto",
            "line": 3
          },
          {
            "name": "@produto_categoria",
            "line": 16
          }
        ],
        "type": "scenario",
        "steps": [
          {
            "arguments": [],
            "keyword": "Dado ",
            "line": 9,
            "name": "que esteja na página home da loja manetzeetech",
            "result": {
              "status": "passed",
              "duration": 1435000000
            }
          },
          {
            "arguments": [],
            "keyword": "Quando ",
            "line": 18,
            "name": "selecionar a categoria \"SMATWATCH\"",
            "result": {
              "status": "passed",
              "duration": 14000000
            }
          },
          {
            "arguments": [],
            "keyword": "Então ",
            "line": 19,
            "name": "deverá apresentar a lista de produtos da categoria selecionada",
            "result": {
              "status": "passed",
              "duration": 15000000
            }
          }
        ]
      },
      {
        "id": "produto;apresentar-informações-de-um-produto",
        "keyword": "Scenario",
        "line": 31,
        "name": "Apresentar informações de um produto",
        "tags": [
          {
            "name": "@funcionalidade_produto",
            "line": 3
          },
          {
            "name": "@produto_informacoes",
            "line": 30
          }
        ],
        "type": "scenario",
        "steps": [
          {
            "arguments": [],
            "keyword": "Dado ",
            "line": 9,
            "name": "que esteja na página home da loja manetzeetech",
            "result": {
              "status": "passed",
              "duration": 1308000000
            }
          },
          {
            "arguments": [],
            "keyword": "Quando ",
            "line": 32,
            "name": "escolher o primeiro produto em destaque",
            "result": {
              "status": "passed",
              "duration": 29000000
            }
          },
          {
            "arguments": [],
            "keyword": "Então ",
            "line": 33,
            "name": "deverá apresentar as informações do produto na página do produto",
            "result": {
              "status": "passed",
              "duration": 18000000
            }
          }
        ]
      }
    ]
  }
]